{
  "errno": 0,
  "errmsg": "SUCCESS",
  "data": {
    "list": [
      {
        "city_name": "吉林市",
        "province_name": "吉林省",
        "value": 21.02
      },
      {
        "city_name": "松原市",
        "province_name": "吉林省",
        "value": 17.7
      },
      {
        "city_name": "四平市",
        "province_name": "吉林省",
        "value": 16.73
      },
      {
        "city_name": "哈尔滨市",
        "province_name": "黑龙江省",
        "value": 6.83
      },
      {
        "city_name": "白城市",
        "province_name": "吉林省",
        "value": 4
      },
      {
        "city_name": "通化市",
        "province_name": "吉林省",
        "value": 3.86
      },
      {
        "city_name": "辽源市",
        "province_name": "吉林省",
        "value": 3.14
      },
      {
        "city_name": "延边朝鲜族自治州",
        "province_name": "吉林省",
        "value": 3.09
      },
      {
        "city_name": "沈阳市",
        "province_name": "辽宁省",
        "value": 2.17
      },
      {
        "city_name": "白山市",
        "province_name": "吉林省",
        "value": 2.03
      },
      {
        "city_name": "北京市",
        "province_name": "北京市",
        "value": 1.24
      },
      {
        "city_name": "铁岭市",
        "province_name": "辽宁省",
        "value": 1.1
      },
      {
        "city_name": "绥化市",
        "province_name": "黑龙江省",
        "value": 0.8
      },
      {
        "city_name": "通辽市",
        "province_name": "内蒙古自治区",
        "value": 0.79
      },
      {
        "city_name": "大庆市",
        "province_name": "黑龙江省",
        "value": 0.76
      },
      {
        "city_name": "上海市",
        "province_name": "上海市",
        "value": 0.74
      },
      {
        "city_name": "大连市",
        "province_name": "辽宁省",
        "value": 0.7
      },
      {
        "city_name": "齐齐哈尔市",
        "province_name": "黑龙江省",
        "value": 0.61
      },
      {
        "city_name": "营口市",
        "province_name": "辽宁省",
        "value": 0.46
      },
      {
        "city_name": "天津市",
        "province_name": "天津市",
        "value": 0.45
      },
      {
        "city_name": "南京市",
        "province_name": "江苏省",
        "value": 0.41
      },
      {
        "city_name": "杭州市",
        "province_name": "浙江省",
        "value": 0.4
      },
      {
        "city_name": "锦州市",
        "province_name": "辽宁省",
        "value": 0.38
      },
      {
        "city_name": "广州市",
        "province_name": "广东省",
        "value": 0.33
      },
      {
        "city_name": "丹东市",
        "province_name": "辽宁省",
        "value": 0.32
      },
      {
        "city_name": "兴安盟",
        "province_name": "内蒙古自治区",
        "value": 0.32
      },
      {
        "city_name": "成都市",
        "province_name": "四川省",
        "value": 0.31
      },
      {
        "city_name": "秦皇岛市",
        "province_name": "河北省",
        "value": 0.31
      },
      {
        "city_name": "牡丹江市",
        "province_name": "黑龙江省",
        "value": 0.29
      },
      {
        "city_name": "葫芦岛市",
        "province_name": "辽宁省",
        "value": 0.28
      },
      {
        "city_name": "西安市",
        "province_name": "陕西省",
        "value": 0.28
      },
      {
        "city_name": "深圳市",
        "province_name": "广东省",
        "value": 0.27
      },
      {
        "city_name": "鞍山市",
        "province_name": "辽宁省",
        "value": 0.24
      },
      {
        "city_name": "青岛市",
        "province_name": "山东省",
        "value": 0.22
      },
      {
        "city_name": "抚顺市",
        "province_name": "辽宁省",
        "value": 0.22
      },
      {
        "city_name": "朝阳市",
        "province_name": "辽宁省",
        "value": 0.21
      },
      {
        "city_name": "赤峰市",
        "province_name": "内蒙古自治区",
        "value": 0.2
      },
      {
        "city_name": "阜新市",
        "province_name": "辽宁省",
        "value": 0.2
      },
      {
        "city_name": "厦门市",
        "province_name": "福建省",
        "value": 0.19
      },
      {
        "city_name": "三亚市",
        "province_name": "海南省",
        "value": 0.19
      },
      {
        "city_name": "济南市",
        "province_name": "山东省",
        "value": 0.16
      },
      {
        "city_name": "重庆市",
        "province_name": "重庆市",
        "value": 0.15
      },
      {
        "city_name": "长沙市",
        "province_name": "湖南省",
        "value": 0.15
      },
      {
        "city_name": "呼伦贝尔市",
        "province_name": "内蒙古自治区",
        "value": 0.15
      },
      {
        "city_name": "唐山市",
        "province_name": "河北省",
        "value": 0.14
      },
      {
        "city_name": "本溪市",
        "province_name": "辽宁省",
        "value": 0.14
      },
      {
        "city_name": "昆明市",
        "province_name": "云南省",
        "value": 0.12
      },
      {
        "city_name": "辽阳市",
        "province_name": "辽宁省",
        "value": 0.12
      },
      {
        "city_name": "海口市",
        "province_name": "海南省",
        "value": 0.11
      },
      {
        "city_name": "佳木斯市",
        "province_name": "黑龙江省",
        "value": 0.11
      },
      {
        "city_name": "伊春市",
        "province_name": "黑龙江省",
        "value": 0.11
      },
      {
        "city_name": "郑州市",
        "province_name": "河南省",
        "value": 0.11
      },
      {
        "city_name": "承德市",
        "province_name": "河北省",
        "value": 0.11
      },
      {
        "city_name": "宁波市",
        "province_name": "浙江省",
        "value": 0.1
      },
      {
        "city_name": "武汉市",
        "province_name": "湖北省",
        "value": 0.1
      },
      {
        "city_name": "沧州市",
        "province_name": "河北省",
        "value": 0.1
      },
      {
        "city_name": "廊坊市",
        "province_name": "河北省",
        "value": 0.09
      },
      {
        "city_name": "鸡西市",
        "province_name": "黑龙江省",
        "value": 0.09
      },
      {
        "city_name": "烟台市",
        "province_name": "山东省",
        "value": 0.09
      },
      {
        "city_name": "盘锦市",
        "province_name": "辽宁省",
        "value": 0.09
      },
      {
        "city_name": "黑河市",
        "province_name": "黑龙江省",
        "value": 0.08
      },
      {
        "city_name": "珠海市",
        "province_name": "广东省",
        "value": 0.08
      },
      {
        "city_name": "苏州市",
        "province_name": "江苏省",
        "value": 0.08
      },
      {
        "city_name": "扬州市",
        "province_name": "江苏省",
        "value": 0.08
      },
      {
        "city_name": "保定市",
        "province_name": "河北省",
        "value": 0.08
      },
      {
        "city_name": "太原市",
        "province_name": "山西省",
        "value": 0.08
      },
      {
        "city_name": "陵水黎族自治县",
        "province_name": "海南省",
        "value": 0.08
      },
      {
        "city_name": "石家庄市",
        "province_name": "河北省",
        "value": 0.07
      },
      {
        "city_name": "双鸭山市",
        "province_name": "黑龙江省",
        "value": 0.07
      },
      {
        "city_name": "鹤岗市",
        "province_name": "黑龙江省",
        "value": 0.06
      },
      {
        "city_name": "七台河市",
        "province_name": "黑龙江省",
        "value": 0.06
      },
      {
        "city_name": "忻州市",
        "province_name": "山西省",
        "value": 0.06
      },
      {
        "city_name": "福州市",
        "province_name": "福建省",
        "value": 0.06
      },
      {
        "city_name": "西双版纳傣族自治州",
        "province_name": "云南省",
        "value": 0.06
      },
      {
        "city_name": "温州市",
        "province_name": "浙江省",
        "value": 0.05
      },
      {
        "city_name": "威海市",
        "province_name": "山东省",
        "value": 0.05
      },
      {
        "city_name": "桂林市",
        "province_name": "广西壮族自治区",
        "value": 0.05
      },
      {
        "city_name": "无锡市",
        "province_name": "江苏省",
        "value": 0.05
      },
      {
        "city_name": "大同市",
        "province_name": "山西省",
        "value": 0.05
      },
      {
        "city_name": "徐州市",
        "province_name": "江苏省",
        "value": 0.05
      },
      {
        "city_name": "德州市",
        "province_name": "山东省",
        "value": 0.05
      },
      {
        "city_name": "惠州市",
        "province_name": "广东省",
        "value": 0.05
      },
      {
        "city_name": "南宁市",
        "province_name": "广西壮族自治区",
        "value": 0.04
      },
      {
        "city_name": "合肥市",
        "province_name": "安徽省",
        "value": 0.04
      },
      {
        "city_name": "潍坊市",
        "province_name": "山东省",
        "value": 0.04
      },
      {
        "city_name": "洛阳市",
        "province_name": "河南省",
        "value": 0.04
      },
      {
        "city_name": "邯郸市",
        "province_name": "河北省",
        "value": 0.04
      },
      {
        "city_name": "佛山市",
        "province_name": "广东省",
        "value": 0.03
      },
      {
        "city_name": "南昌市",
        "province_name": "江西省",
        "value": 0.03
      },
      {
        "city_name": "临沂市",
        "province_name": "山东省",
        "value": 0.03
      },
      {
        "city_name": "邢台市",
        "province_name": "河北省",
        "value": 0.03
      },
      {
        "city_name": "聊城市",
        "province_name": "山东省",
        "value": 0.03
      },
      {
        "city_name": "张家口市",
        "province_name": "河北省",
        "value": 0.03
      },
      {
        "city_name": "商丘市",
        "province_name": "河南省",
        "value": 0.03
      },
      {
        "city_name": "开封市",
        "province_name": "河南省",
        "value": 0.03
      },
      {
        "city_name": "菏泽市",
        "province_name": "山东省",
        "value": 0.03
      },
      {
        "city_name": "汕头市",
        "province_name": "广东省",
        "value": 0.03
      },
      {
        "city_name": "济宁市",
        "province_name": "山东省",
        "value": 0.03
      },
      {
        "city_name": "舟山市",
        "province_name": "浙江省",
        "value": 0.03
      },
      {
        "city_name": "衡水市",
        "province_name": "河北省",
        "value": 0.03
      }
    ]
  }
}