{
  "errno": 0,
  "errmsg": "SUCCESS",
  "data": {
    "list": [
      {
        "city_name": "廊坊市",
        "province_name": "河北省",
        "value": 11.43
      },
      {
        "city_name": "天津市",
        "province_name": "天津市",
        "value": 7.88
      },
      {
        "city_name": "保定市",
        "province_name": "河北省",
        "value": 6.35
      },
      {
        "city_name": "张家口市",
        "province_name": "河北省",
        "value": 3.94
      },
      {
        "city_name": "唐山市",
        "province_name": "河北省",
        "value": 2.69
      },
      {
        "city_name": "石家庄市",
        "province_name": "河北省",
        "value": 2.16
      },
      {
        "city_name": "承德市",
        "province_name": "河北省",
        "value": 2.01
      },
      {
        "city_name": "上海市",
        "province_name": "上海市",
        "value": 1.75
      },
      {
        "city_name": "沧州市",
        "province_name": "河北省",
        "value": 1.39
      },
      {
        "city_name": "邯郸市",
        "province_name": "河北省",
        "value": 1.38
      },
      {
        "city_name": "西安市",
        "province_name": "陕西省",
        "value": 1.31
      },
      {
        "city_name": "青岛市",
        "province_name": "山东省",
        "value": 1.17
      },
      {
        "city_name": "济南市",
        "province_name": "山东省",
        "value": 1.17
      },
      {
        "city_name": "成都市",
        "province_name": "四川省",
        "value": 1.15
      },
      {
        "city_name": "哈尔滨市",
        "province_name": "黑龙江省",
        "value": 1.14
      },
      {
        "city_name": "沈阳市",
        "province_name": "辽宁省",
        "value": 1.13
      },
      {
        "city_name": "秦皇岛市",
        "province_name": "河北省",
        "value": 1.05
      },
      {
        "city_name": "郑州市",
        "province_name": "河南省",
        "value": 0.99
      },
      {
        "city_name": "邢台市",
        "province_name": "河北省",
        "value": 0.93
      },
      {
        "city_name": "重庆市",
        "province_name": "重庆市",
        "value": 0.9
      },
      {
        "city_name": "衡水市",
        "province_name": "河北省",
        "value": 0.9
      },
      {
        "city_name": "太原市",
        "province_name": "山西省",
        "value": 0.89
      },
      {
        "city_name": "杭州市",
        "province_name": "浙江省",
        "value": 0.89
      },
      {
        "city_name": "武汉市",
        "province_name": "湖北省",
        "value": 0.88
      },
      {
        "city_name": "广州市",
        "province_name": "广东省",
        "value": 0.86
      },
      {
        "city_name": "呼和浩特市",
        "province_name": "内蒙古自治区",
        "value": 0.83
      },
      {
        "city_name": "苏州市",
        "province_name": "江苏省",
        "value": 0.82
      },
      {
        "city_name": "大同市",
        "province_name": "山西省",
        "value": 0.77
      },
      {
        "city_name": "大连市",
        "province_name": "辽宁省",
        "value": 0.73
      },
      {
        "city_name": "南京市",
        "province_name": "江苏省",
        "value": 0.69
      },
      {
        "city_name": "深圳市",
        "province_name": "广东省",
        "value": 0.68
      },
      {
        "city_name": "长春市",
        "province_name": "吉林省",
        "value": 0.68
      },
      {
        "city_name": "烟台市",
        "province_name": "山东省",
        "value": 0.66
      },
      {
        "city_name": "宁波市",
        "province_name": "浙江省",
        "value": 0.65
      },
      {
        "city_name": "长沙市",
        "province_name": "湖南省",
        "value": 0.64
      },
      {
        "city_name": "德州市",
        "province_name": "山东省",
        "value": 0.57
      },
      {
        "city_name": "临沂市",
        "province_name": "山东省",
        "value": 0.55
      },
      {
        "city_name": "合肥市",
        "province_name": "安徽省",
        "value": 0.54
      },
      {
        "city_name": "潍坊市",
        "province_name": "山东省",
        "value": 0.53
      },
      {
        "city_name": "赤峰市",
        "province_name": "内蒙古自治区",
        "value": 0.53
      },
      {
        "city_name": "洛阳市",
        "province_name": "河南省",
        "value": 0.51
      },
      {
        "city_name": "聊城市",
        "province_name": "山东省",
        "value": 0.47
      },
      {
        "city_name": "包头市",
        "province_name": "内蒙古自治区",
        "value": 0.47
      },
      {
        "city_name": "嘉兴市",
        "province_name": "浙江省",
        "value": 0.46
      },
      {
        "city_name": "无锡市",
        "province_name": "江苏省",
        "value": 0.45
      },
      {
        "city_name": "淄博市",
        "province_name": "山东省",
        "value": 0.45
      },
      {
        "city_name": "昆明市",
        "province_name": "云南省",
        "value": 0.45
      },
      {
        "city_name": "临汾市",
        "province_name": "山西省",
        "value": 0.44
      },
      {
        "city_name": "晋中市",
        "province_name": "山西省",
        "value": 0.43
      },
      {
        "city_name": "三亚市",
        "province_name": "海南省",
        "value": 0.43
      },
      {
        "city_name": "济宁市",
        "province_name": "山东省",
        "value": 0.42
      },
      {
        "city_name": "安阳市",
        "province_name": "河南省",
        "value": 0.42
      },
      {
        "city_name": "厦门市",
        "province_name": "福建省",
        "value": 0.41
      },
      {
        "city_name": "忻州市",
        "province_name": "山西省",
        "value": 0.39
      },
      {
        "city_name": "菏泽市",
        "province_name": "山东省",
        "value": 0.39
      },
      {
        "city_name": "福州市",
        "province_name": "福建省",
        "value": 0.38
      },
      {
        "city_name": "徐州市",
        "province_name": "江苏省",
        "value": 0.37
      },
      {
        "city_name": "周口市",
        "province_name": "河南省",
        "value": 0.36
      },
      {
        "city_name": "运城市",
        "province_name": "山西省",
        "value": 0.35
      },
      {
        "city_name": "泰安市",
        "province_name": "山东省",
        "value": 0.34
      },
      {
        "city_name": "绍兴市",
        "province_name": "浙江省",
        "value": 0.34
      },
      {
        "city_name": "南通市",
        "province_name": "江苏省",
        "value": 0.33
      },
      {
        "city_name": "南昌市",
        "province_name": "江西省",
        "value": 0.33
      },
      {
        "city_name": "乌兰察布市",
        "province_name": "内蒙古自治区",
        "value": 0.33
      },
      {
        "city_name": "威海市",
        "province_name": "山东省",
        "value": 0.33
      },
      {
        "city_name": "新乡市",
        "province_name": "河南省",
        "value": 0.33
      },
      {
        "city_name": "滨州市",
        "province_name": "山东省",
        "value": 0.32
      },
      {
        "city_name": "佛山市",
        "province_name": "广东省",
        "value": 0.31
      },
      {
        "city_name": "鄂尔多斯市",
        "province_name": "内蒙古自治区",
        "value": 0.3
      },
      {
        "city_name": "信阳市",
        "province_name": "河南省",
        "value": 0.3
      },
      {
        "city_name": "葫芦岛市",
        "province_name": "辽宁省",
        "value": 0.3
      },
      {
        "city_name": "驻马店市",
        "province_name": "河南省",
        "value": 0.29
      },
      {
        "city_name": "南阳市",
        "province_name": "河南省",
        "value": 0.29
      },
      {
        "city_name": "常州市",
        "province_name": "江苏省",
        "value": 0.28
      },
      {
        "city_name": "锡林郭勒盟",
        "province_name": "内蒙古自治区",
        "value": 0.27
      },
      {
        "city_name": "温州市",
        "province_name": "浙江省",
        "value": 0.27
      },
      {
        "city_name": "南宁市",
        "province_name": "广西壮族自治区",
        "value": 0.27
      },
      {
        "city_name": "开封市",
        "province_name": "河南省",
        "value": 0.26
      },
      {
        "city_name": "台州市",
        "province_name": "浙江省",
        "value": 0.26
      },
      {
        "city_name": "扬州市",
        "province_name": "江苏省",
        "value": 0.26
      },
      {
        "city_name": "东营市",
        "province_name": "山东省",
        "value": 0.26
      },
      {
        "city_name": "兰州市",
        "province_name": "甘肃省",
        "value": 0.25
      },
      {
        "city_name": "湖州市",
        "province_name": "浙江省",
        "value": 0.25
      },
      {
        "city_name": "锦州市",
        "province_name": "辽宁省",
        "value": 0.25
      },
      {
        "city_name": "海口市",
        "province_name": "海南省",
        "value": 0.25
      },
      {
        "city_name": "东莞市",
        "province_name": "广东省",
        "value": 0.25
      },
      {
        "city_name": "吕梁市",
        "province_name": "山西省",
        "value": 0.25
      },
      {
        "city_name": "濮阳市",
        "province_name": "河南省",
        "value": 0.24
      },
      {
        "city_name": "银川市",
        "province_name": "宁夏回族自治区",
        "value": 0.24
      },
      {
        "city_name": "长治市",
        "province_name": "山西省",
        "value": 0.24
      },
      {
        "city_name": "盐城市",
        "province_name": "江苏省",
        "value": 0.23
      },
      {
        "city_name": "连云港市",
        "province_name": "江苏省",
        "value": 0.23
      },
      {
        "city_name": "朝阳市",
        "province_name": "辽宁省",
        "value": 0.22
      },
      {
        "city_name": "鞍山市",
        "province_name": "辽宁省",
        "value": 0.22
      },
      {
        "city_name": "珠海市",
        "province_name": "广东省",
        "value": 0.22
      },
      {
        "city_name": "商丘市",
        "province_name": "河南省",
        "value": 0.21
      },
      {
        "city_name": "阜阳市",
        "province_name": "安徽省",
        "value": 0.21
      },
      {
        "city_name": "金华市",
        "province_name": "浙江省",
        "value": 0.21
      },
      {
        "city_name": "泰州市",
        "province_name": "江苏省",
        "value": 0.2
      },
      {
        "city_name": "贵阳市",
        "province_name": "贵州省",
        "value": 0.2
      }
    ]
  }
}