{
  "errno": 0,
  "errmsg": "SUCCESS",
  "data": {
    "list": [
      {
        "city_name": "成都市",
        "province_name": "四川省",
        "value": 9.12
      },
      {
        "city_name": "广安市",
        "province_name": "四川省",
        "value": 4.98
      },
      {
        "city_name": "遵义市",
        "province_name": "贵州省",
        "value": 4.19
      },
      {
        "city_name": "达州市",
        "province_name": "四川省",
        "value": 3.71
      },
      {
        "city_name": "泸州市",
        "province_name": "四川省",
        "value": 3.11
      },
      {
        "city_name": "广州市",
        "province_name": "广东省",
        "value": 2.91
      },
      {
        "city_name": "东莞市",
        "province_name": "广东省",
        "value": 2.78
      },
      {
        "city_name": "深圳市",
        "province_name": "广东省",
        "value": 2.5
      },
      {
        "city_name": "恩施土家族苗族自治州",
        "province_name": "湖北省",
        "value": 2.25
      },
      {
        "city_name": "温州市",
        "province_name": "浙江省",
        "value": 2.18
      },
      {
        "city_name": "南充市",
        "province_name": "四川省",
        "value": 2.18
      },
      {
        "city_name": "上海市",
        "province_name": "上海市",
        "value": 1.82
      },
      {
        "city_name": "铜仁市",
        "province_name": "贵州省",
        "value": 1.73
      },
      {
        "city_name": "内江市",
        "province_name": "四川省",
        "value": 1.68
      },
      {
        "city_name": "遂宁市",
        "province_name": "四川省",
        "value": 1.66
      },
      {
        "city_name": "资阳市",
        "province_name": "四川省",
        "value": 1.64
      },
      {
        "city_name": "泉州市",
        "province_name": "福建省",
        "value": 1.47
      },
      {
        "city_name": "北京市",
        "province_name": "北京市",
        "value": 1.43
      },
      {
        "city_name": "佛山市",
        "province_name": "广东省",
        "value": 1.33
      },
      {
        "city_name": "贵阳市",
        "province_name": "贵州省",
        "value": 1.33
      },
      {
        "city_name": "惠州市",
        "province_name": "广东省",
        "value": 1.28
      },
      {
        "city_name": "昆明市",
        "province_name": "云南省",
        "value": 1.26
      },
      {
        "city_name": "嘉兴市",
        "province_name": "浙江省",
        "value": 1.24
      },
      {
        "city_name": "武汉市",
        "province_name": "湖北省",
        "value": 1.18
      },
      {
        "city_name": "杭州市",
        "province_name": "浙江省",
        "value": 1.16
      },
      {
        "city_name": "宜宾市",
        "province_name": "四川省",
        "value": 1.12
      },
      {
        "city_name": "西安市",
        "province_name": "陕西省",
        "value": 1.12
      },
      {
        "city_name": "宁波市",
        "province_name": "浙江省",
        "value": 0.96
      },
      {
        "city_name": "长沙市",
        "province_name": "湖南省",
        "value": 0.86
      },
      {
        "city_name": "金华市",
        "province_name": "浙江省",
        "value": 0.86
      },
      {
        "city_name": "宜昌市",
        "province_name": "湖北省",
        "value": 0.85
      },
      {
        "city_name": "绵阳市",
        "province_name": "四川省",
        "value": 0.82
      },
      {
        "city_name": "苏州市",
        "province_name": "江苏省",
        "value": 0.81
      },
      {
        "city_name": "福州市",
        "province_name": "福建省",
        "value": 0.74
      },
      {
        "city_name": "台州市",
        "province_name": "浙江省",
        "value": 0.71
      },
      {
        "city_name": "自贡市",
        "province_name": "四川省",
        "value": 0.7
      },
      {
        "city_name": "中山市",
        "province_name": "广东省",
        "value": 0.67
      },
      {
        "city_name": "无锡市",
        "province_name": "江苏省",
        "value": 0.6
      },
      {
        "city_name": "德阳市",
        "province_name": "四川省",
        "value": 0.59
      },
      {
        "city_name": "乐山市",
        "province_name": "四川省",
        "value": 0.59
      },
      {
        "city_name": "湘西土家族苗族自治州",
        "province_name": "湖南省",
        "value": 0.59
      },
      {
        "city_name": "绍兴市",
        "province_name": "浙江省",
        "value": 0.55
      },
      {
        "city_name": "厦门市",
        "province_name": "福建省",
        "value": 0.54
      },
      {
        "city_name": "南京市",
        "province_name": "江苏省",
        "value": 0.52
      },
      {
        "city_name": "毕节市",
        "province_name": "贵州省",
        "value": 0.47
      },
      {
        "city_name": "巴中市",
        "province_name": "四川省",
        "value": 0.47
      },
      {
        "city_name": "眉山市",
        "province_name": "四川省",
        "value": 0.44
      },
      {
        "city_name": "江门市",
        "province_name": "广东省",
        "value": 0.43
      },
      {
        "city_name": "天津市",
        "province_name": "天津市",
        "value": 0.42
      },
      {
        "city_name": "汕头市",
        "province_name": "广东省",
        "value": 0.4
      },
      {
        "city_name": "凉山彝族自治州",
        "province_name": "四川省",
        "value": 0.35
      },
      {
        "city_name": "昭通市",
        "province_name": "云南省",
        "value": 0.35
      },
      {
        "city_name": "合肥市",
        "province_name": "安徽省",
        "value": 0.35
      },
      {
        "city_name": "郑州市",
        "province_name": "河南省",
        "value": 0.35
      },
      {
        "city_name": "湖州市",
        "province_name": "浙江省",
        "value": 0.35
      },
      {
        "city_name": "肇庆市",
        "province_name": "广东省",
        "value": 0.3
      },
      {
        "city_name": "荆州市",
        "province_name": "湖北省",
        "value": 0.29
      },
      {
        "city_name": "广元市",
        "province_name": "四川省",
        "value": 0.28
      },
      {
        "city_name": "潮州市",
        "province_name": "广东省",
        "value": 0.28
      },
      {
        "city_name": "常州市",
        "province_name": "江苏省",
        "value": 0.28
      },
      {
        "city_name": "珠海市",
        "province_name": "广东省",
        "value": 0.27
      },
      {
        "city_name": "揭阳市",
        "province_name": "广东省",
        "value": 0.27
      },
      {
        "city_name": "海口市",
        "province_name": "海南省",
        "value": 0.27
      },
      {
        "city_name": "黔南布依族苗族自治州",
        "province_name": "贵州省",
        "value": 0.26
      },
      {
        "city_name": "兰州市",
        "province_name": "甘肃省",
        "value": 0.26
      },
      {
        "city_name": "三亚市",
        "province_name": "海南省",
        "value": 0.25
      },
      {
        "city_name": "汕尾市",
        "province_name": "广东省",
        "value": 0.25
      },
      {
        "city_name": "安康市",
        "province_name": "陕西省",
        "value": 0.25
      },
      {
        "city_name": "南宁市",
        "province_name": "广西壮族自治区",
        "value": 0.25
      },
      {
        "city_name": "怀化市",
        "province_name": "湖南省",
        "value": 0.24
      },
      {
        "city_name": "南昌市",
        "province_name": "江西省",
        "value": 0.24
      },
      {
        "city_name": "青岛市",
        "province_name": "山东省",
        "value": 0.23
      },
      {
        "city_name": "济南市",
        "province_name": "山东省",
        "value": 0.22
      },
      {
        "city_name": "南通市",
        "province_name": "江苏省",
        "value": 0.22
      },
      {
        "city_name": "六盘水市",
        "province_name": "贵州省",
        "value": 0.22
      },
      {
        "city_name": "石家庄市",
        "province_name": "河北省",
        "value": 0.21
      },
      {
        "city_name": "曲靖市",
        "province_name": "云南省",
        "value": 0.21
      },
      {
        "city_name": "安顺市",
        "province_name": "贵州省",
        "value": 0.2
      },
      {
        "city_name": "清远市",
        "province_name": "广东省",
        "value": 0.2
      },
      {
        "city_name": "保定市",
        "province_name": "河北省",
        "value": 0.19
      },
      {
        "city_name": "桂林市",
        "province_name": "广西壮族自治区",
        "value": 0.19
      },
      {
        "city_name": "西双版纳傣族自治州",
        "province_name": "云南省",
        "value": 0.18
      },
      {
        "city_name": "常德市",
        "province_name": "湖南省",
        "value": 0.18
      },
      {
        "city_name": "漳州市",
        "province_name": "福建省",
        "value": 0.18
      },
      {
        "city_name": "衡阳市",
        "province_name": "湖南省",
        "value": 0.18
      },
      {
        "city_name": "太原市",
        "province_name": "山西省",
        "value": 0.17
      },
      {
        "city_name": "黄冈市",
        "province_name": "湖北省",
        "value": 0.17
      },
      {
        "city_name": "丽水市",
        "province_name": "浙江省",
        "value": 0.17
      },
      {
        "city_name": "乌鲁木齐市",
        "province_name": "新疆维吾尔自治区",
        "value": 0.17
      },
      {
        "city_name": "北海市",
        "province_name": "广西壮族自治区",
        "value": 0.17
      },
      {
        "city_name": "咸阳市",
        "province_name": "陕西省",
        "value": 0.17
      },
      {
        "city_name": "荆门市",
        "province_name": "湖北省",
        "value": 0.17
      },
      {
        "city_name": "廊坊市",
        "province_name": "河北省",
        "value": 0.16
      },
      {
        "city_name": "莆田市",
        "province_name": "福建省",
        "value": 0.16
      },
      {
        "city_name": "十堰市",
        "province_name": "湖北省",
        "value": 0.16
      },
      {
        "city_name": "黔东南苗族侗族自治州",
        "province_name": "贵州省",
        "value": 0.15
      },
      {
        "city_name": "黔西南布依族苗族自治州",
        "province_name": "贵州省",
        "value": 0.15
      },
      {
        "city_name": "西宁市",
        "province_name": "青海省",
        "value": 0.15
      },
      {
        "city_name": "襄阳市",
        "province_name": "湖北省",
        "value": 0.14
      },
      {
        "city_name": "沈阳市",
        "province_name": "辽宁省",
        "value": 0.14
      }
    ]
  }
}