{
  "errno": 0,
  "errmsg": "SUCCESS",
  "data": {
    "list": [
      {
        "city_name": "成都市",
        "province_name": "四川省",
        "value": 12.29
      },
      {
        "city_name": "广安市",
        "province_name": "四川省",
        "value": 5.58
      },
      {
        "city_name": "达州市",
        "province_name": "四川省",
        "value": 4.08
      },
      {
        "city_name": "遵义市",
        "province_name": "贵州省",
        "value": 3.89
      },
      {
        "city_name": "深圳市",
        "province_name": "广东省",
        "value": 3.46
      },
      {
        "city_name": "泸州市",
        "province_name": "四川省",
        "value": 3.08
      },
      {
        "city_name": "东莞市",
        "province_name": "广东省",
        "value": 2.9
      },
      {
        "city_name": "上海市",
        "province_name": "上海市",
        "value": 2.37
      },
      {
        "city_name": "恩施土家族苗族自治州",
        "province_name": "湖北省",
        "value": 2.35
      },
      {
        "city_name": "广州市",
        "province_name": "广东省",
        "value": 2.16
      },
      {
        "city_name": "南充市",
        "province_name": "四川省",
        "value": 2.12
      },
      {
        "city_name": "资阳市",
        "province_name": "四川省",
        "value": 1.9
      },
      {
        "city_name": "内江市",
        "province_name": "四川省",
        "value": 1.76
      },
      {
        "city_name": "遂宁市",
        "province_name": "四川省",
        "value": 1.7
      },
      {
        "city_name": "铜仁市",
        "province_name": "贵州省",
        "value": 1.68
      },
      {
        "city_name": "贵阳市",
        "province_name": "贵州省",
        "value": 1.63
      },
      {
        "city_name": "泉州市",
        "province_name": "福建省",
        "value": 1.54
      },
      {
        "city_name": "昆明市",
        "province_name": "云南省",
        "value": 1.52
      },
      {
        "city_name": "北京市",
        "province_name": "北京市",
        "value": 1.44
      },
      {
        "city_name": "宁波市",
        "province_name": "浙江省",
        "value": 1.43
      },
      {
        "city_name": "杭州市",
        "province_name": "浙江省",
        "value": 1.4
      },
      {
        "city_name": "惠州市",
        "province_name": "广东省",
        "value": 1.27
      },
      {
        "city_name": "佛山市",
        "province_name": "广东省",
        "value": 1.24
      },
      {
        "city_name": "宜宾市",
        "province_name": "四川省",
        "value": 1.19
      },
      {
        "city_name": "武汉市",
        "province_name": "湖北省",
        "value": 1.17
      },
      {
        "city_name": "绵阳市",
        "province_name": "四川省",
        "value": 0.97
      },
      {
        "city_name": "苏州市",
        "province_name": "江苏省",
        "value": 0.96
      },
      {
        "city_name": "福州市",
        "province_name": "福建省",
        "value": 0.94
      },
      {
        "city_name": "宜昌市",
        "province_name": "湖北省",
        "value": 0.89
      },
      {
        "city_name": "嘉兴市",
        "province_name": "浙江省",
        "value": 0.88
      },
      {
        "city_name": "厦门市",
        "province_name": "福建省",
        "value": 0.85
      },
      {
        "city_name": "西安市",
        "province_name": "陕西省",
        "value": 0.79
      },
      {
        "city_name": "中山市",
        "province_name": "广东省",
        "value": 0.77
      },
      {
        "city_name": "自贡市",
        "province_name": "四川省",
        "value": 0.73
      },
      {
        "city_name": "温州市",
        "province_name": "浙江省",
        "value": 0.73
      },
      {
        "city_name": "巴中市",
        "province_name": "四川省",
        "value": 0.66
      },
      {
        "city_name": "长沙市",
        "province_name": "湖南省",
        "value": 0.66
      },
      {
        "city_name": "湘西土家族苗族自治州",
        "province_name": "湖南省",
        "value": 0.62
      },
      {
        "city_name": "德阳市",
        "province_name": "四川省",
        "value": 0.58
      },
      {
        "city_name": "无锡市",
        "province_name": "江苏省",
        "value": 0.55
      },
      {
        "city_name": "乐山市",
        "province_name": "四川省",
        "value": 0.54
      },
      {
        "city_name": "金华市",
        "province_name": "浙江省",
        "value": 0.5
      },
      {
        "city_name": "珠海市",
        "province_name": "广东省",
        "value": 0.49
      },
      {
        "city_name": "台州市",
        "province_name": "浙江省",
        "value": 0.46
      },
      {
        "city_name": "眉山市",
        "province_name": "四川省",
        "value": 0.45
      },
      {
        "city_name": "毕节市",
        "province_name": "贵州省",
        "value": 0.42
      },
      {
        "city_name": "绍兴市",
        "province_name": "浙江省",
        "value": 0.42
      },
      {
        "city_name": "昭通市",
        "province_name": "云南省",
        "value": 0.39
      },
      {
        "city_name": "荆州市",
        "province_name": "湖北省",
        "value": 0.38
      },
      {
        "city_name": "南京市",
        "province_name": "江苏省",
        "value": 0.35
      },
      {
        "city_name": "江门市",
        "province_name": "广东省",
        "value": 0.34
      },
      {
        "city_name": "广元市",
        "province_name": "四川省",
        "value": 0.33
      },
      {
        "city_name": "黔南布依族苗族自治州",
        "province_name": "贵州省",
        "value": 0.32
      },
      {
        "city_name": "南宁市",
        "province_name": "广西壮族自治区",
        "value": 0.31
      },
      {
        "city_name": "郑州市",
        "province_name": "河南省",
        "value": 0.31
      },
      {
        "city_name": "凉山彝族自治州",
        "province_name": "四川省",
        "value": 0.31
      },
      {
        "city_name": "常州市",
        "province_name": "江苏省",
        "value": 0.3
      },
      {
        "city_name": "怀化市",
        "province_name": "湖南省",
        "value": 0.29
      },
      {
        "city_name": "合肥市",
        "province_name": "安徽省",
        "value": 0.25
      },
      {
        "city_name": "天津市",
        "province_name": "天津市",
        "value": 0.25
      },
      {
        "city_name": "曲靖市",
        "province_name": "云南省",
        "value": 0.24
      },
      {
        "city_name": "黔东南苗族侗族自治州",
        "province_name": "贵州省",
        "value": 0.23
      },
      {
        "city_name": "安顺市",
        "province_name": "贵州省",
        "value": 0.23
      },
      {
        "city_name": "六盘水市",
        "province_name": "贵州省",
        "value": 0.22
      },
      {
        "city_name": "常德市",
        "province_name": "湖南省",
        "value": 0.22
      },
      {
        "city_name": "湖州市",
        "province_name": "浙江省",
        "value": 0.21
      },
      {
        "city_name": "红河哈尼族彝族自治州",
        "province_name": "云南省",
        "value": 0.21
      },
      {
        "city_name": "肇庆市",
        "province_name": "广东省",
        "value": 0.2
      },
      {
        "city_name": "海口市",
        "province_name": "海南省",
        "value": 0.19
      },
      {
        "city_name": "桂林市",
        "province_name": "广西壮族自治区",
        "value": 0.19
      },
      {
        "city_name": "荆门市",
        "province_name": "湖北省",
        "value": 0.19
      },
      {
        "city_name": "南昌市",
        "province_name": "江西省",
        "value": 0.19
      },
      {
        "city_name": "黔西南布依族苗族自治州",
        "province_name": "贵州省",
        "value": 0.19
      },
      {
        "city_name": "漳州市",
        "province_name": "福建省",
        "value": 0.18
      },
      {
        "city_name": "邵阳市",
        "province_name": "湖南省",
        "value": 0.18
      },
      {
        "city_name": "西双版纳傣族自治州",
        "province_name": "云南省",
        "value": 0.18
      },
      {
        "city_name": "攀枝花市",
        "province_name": "四川省",
        "value": 0.18
      },
      {
        "city_name": "南通市",
        "province_name": "江苏省",
        "value": 0.17
      },
      {
        "city_name": "北海市",
        "province_name": "广西壮族自治区",
        "value": 0.17
      },
      {
        "city_name": "安康市",
        "province_name": "陕西省",
        "value": 0.17
      },
      {
        "city_name": "南阳市",
        "province_name": "河南省",
        "value": 0.17
      },
      {
        "city_name": "襄阳市",
        "province_name": "湖北省",
        "value": 0.16
      },
      {
        "city_name": "大理白族自治州",
        "province_name": "云南省",
        "value": 0.16
      },
      {
        "city_name": "莆田市",
        "province_name": "福建省",
        "value": 0.15
      },
      {
        "city_name": "乌鲁木齐市",
        "province_name": "新疆维吾尔自治区",
        "value": 0.15
      },
      {
        "city_name": "雅安市",
        "province_name": "四川省",
        "value": 0.15
      },
      {
        "city_name": "柳州市",
        "province_name": "广西壮族自治区",
        "value": 0.15
      },
      {
        "city_name": "济南市",
        "province_name": "山东省",
        "value": 0.15
      },
      {
        "city_name": "汕尾市",
        "province_name": "广东省",
        "value": 0.14
      },
      {
        "city_name": "三亚市",
        "province_name": "海南省",
        "value": 0.14
      },
      {
        "city_name": "湛江市",
        "province_name": "广东省",
        "value": 0.14
      },
      {
        "city_name": "张家界市",
        "province_name": "湖南省",
        "value": 0.14
      },
      {
        "city_name": "衡阳市",
        "province_name": "湖南省",
        "value": 0.14
      },
      {
        "city_name": "十堰市",
        "province_name": "湖北省",
        "value": 0.14
      },
      {
        "city_name": "青岛市",
        "province_name": "山东省",
        "value": 0.14
      },
      {
        "city_name": "孝感市",
        "province_name": "湖北省",
        "value": 0.13
      },
      {
        "city_name": "赣州市",
        "province_name": "江西省",
        "value": 0.13
      },
      {
        "city_name": "九江市",
        "province_name": "江西省",
        "value": 0.13
      },
      {
        "city_name": "永州市",
        "province_name": "湖南省",
        "value": 0.13
      },
      {
        "city_name": "石家庄市",
        "province_name": "河北省",
        "value": 0.13
      }
    ]
  }
}