{
  "errno": 0,
  "errmsg": "SUCCESS",
  "data": {
    "list": [
      {
        "city_name": "呼和浩特市",
        "province_name": "内蒙古自治区",
        "value": 33.3
      },
      {
        "city_name": "鄂尔多斯市",
        "province_name": "内蒙古自治区",
        "value": 23.07
      },
      {
        "city_name": "巴彦淖尔市",
        "province_name": "内蒙古自治区",
        "value": 12.14
      },
      {
        "city_name": "乌兰察布市",
        "province_name": "内蒙古自治区",
        "value": 5.48
      },
      {
        "city_name": "北京市",
        "province_name": "北京市",
        "value": 3.63
      },
      {
        "city_name": "榆林市",
        "province_name": "陕西省",
        "value": 1.39
      },
      {
        "city_name": "天津市",
        "province_name": "天津市",
        "value": 1.37
      },
      {
        "city_name": "乌海市",
        "province_name": "内蒙古自治区",
        "value": 1.11
      },
      {
        "city_name": "西安市",
        "province_name": "陕西省",
        "value": 1.09
      },
      {
        "city_name": "锡林郭勒盟",
        "province_name": "内蒙古自治区",
        "value": 0.77
      },
      {
        "city_name": "张家口市",
        "province_name": "河北省",
        "value": 0.7
      },
      {
        "city_name": "赤峰市",
        "province_name": "内蒙古自治区",
        "value": 0.7
      },
      {
        "city_name": "大同市",
        "province_name": "山西省",
        "value": 0.66
      },
      {
        "city_name": "忻州市",
        "province_name": "山西省",
        "value": 0.6
      },
      {
        "city_name": "保定市",
        "province_name": "河北省",
        "value": 0.5
      },
      {
        "city_name": "成都市",
        "province_name": "四川省",
        "value": 0.43
      },
      {
        "city_name": "朔州市",
        "province_name": "山西省",
        "value": 0.41
      },
      {
        "city_name": "武汉市",
        "province_name": "湖北省",
        "value": 0.38
      },
      {
        "city_name": "银川市",
        "province_name": "宁夏回族自治区",
        "value": 0.36
      },
      {
        "city_name": "兰州市",
        "province_name": "甘肃省",
        "value": 0.33
      },
      {
        "city_name": "太原市",
        "province_name": "山西省",
        "value": 0.33
      },
      {
        "city_name": "青岛市",
        "province_name": "山东省",
        "value": 0.32
      },
      {
        "city_name": "石家庄市",
        "province_name": "河北省",
        "value": 0.32
      },
      {
        "city_name": "郑州市",
        "province_name": "河南省",
        "value": 0.32
      },
      {
        "city_name": "上海市",
        "province_name": "上海市",
        "value": 0.32
      },
      {
        "city_name": "重庆市",
        "province_name": "重庆市",
        "value": 0.32
      },
      {
        "city_name": "济南市",
        "province_name": "山东省",
        "value": 0.26
      },
      {
        "city_name": "沈阳市",
        "province_name": "辽宁省",
        "value": 0.25
      },
      {
        "city_name": "南京市",
        "province_name": "江苏省",
        "value": 0.22
      },
      {
        "city_name": "阿拉善盟",
        "province_name": "内蒙古自治区",
        "value": 0.21
      },
      {
        "city_name": "长沙市",
        "province_name": "湖南省",
        "value": 0.21
      },
      {
        "city_name": "呼伦贝尔市",
        "province_name": "内蒙古自治区",
        "value": 0.21
      },
      {
        "city_name": "昆明市",
        "province_name": "云南省",
        "value": 0.2
      },
      {
        "city_name": "广州市",
        "province_name": "广东省",
        "value": 0.2
      },
      {
        "city_name": "晋中市",
        "province_name": "山西省",
        "value": 0.2
      },
      {
        "city_name": "杭州市",
        "province_name": "浙江省",
        "value": 0.18
      },
      {
        "city_name": "廊坊市",
        "province_name": "河北省",
        "value": 0.18
      },
      {
        "city_name": "咸阳市",
        "province_name": "陕西省",
        "value": 0.17
      },
      {
        "city_name": "石嘴山市",
        "province_name": "宁夏回族自治区",
        "value": 0.17
      },
      {
        "city_name": "大连市",
        "province_name": "辽宁省",
        "value": 0.16
      },
      {
        "city_name": "深圳市",
        "province_name": "广东省",
        "value": 0.16
      },
      {
        "city_name": "长春市",
        "province_name": "吉林省",
        "value": 0.16
      },
      {
        "city_name": "吕梁市",
        "province_name": "山西省",
        "value": 0.16
      },
      {
        "city_name": "通辽市",
        "province_name": "内蒙古自治区",
        "value": 0.16
      },
      {
        "city_name": "唐山市",
        "province_name": "河北省",
        "value": 0.14
      },
      {
        "city_name": "海口市",
        "province_name": "海南省",
        "value": 0.14
      },
      {
        "city_name": "沧州市",
        "province_name": "河北省",
        "value": 0.13
      },
      {
        "city_name": "洛阳市",
        "province_name": "河南省",
        "value": 0.12
      },
      {
        "city_name": "邯郸市",
        "province_name": "河北省",
        "value": 0.12
      },
      {
        "city_name": "苏州市",
        "province_name": "江苏省",
        "value": 0.12
      },
      {
        "city_name": "哈尔滨市",
        "province_name": "黑龙江省",
        "value": 0.11
      },
      {
        "city_name": "延安市",
        "province_name": "陕西省",
        "value": 0.11
      },
      {
        "city_name": "兴安盟",
        "province_name": "内蒙古自治区",
        "value": 0.1
      },
      {
        "city_name": "三亚市",
        "province_name": "海南省",
        "value": 0.09
      },
      {
        "city_name": "白银市",
        "province_name": "甘肃省",
        "value": 0.09
      },
      {
        "city_name": "济宁市",
        "province_name": "山东省",
        "value": 0.09
      },
      {
        "city_name": "邢台市",
        "province_name": "河北省",
        "value": 0.09
      },
      {
        "city_name": "徐州市",
        "province_name": "江苏省",
        "value": 0.09
      },
      {
        "city_name": "烟台市",
        "province_name": "山东省",
        "value": 0.08
      },
      {
        "city_name": "北海市",
        "province_name": "广西壮族自治区",
        "value": 0.08
      },
      {
        "city_name": "厦门市",
        "province_name": "福建省",
        "value": 0.08
      },
      {
        "city_name": "乌鲁木齐市",
        "province_name": "新疆维吾尔自治区",
        "value": 0.08
      },
      {
        "city_name": "临汾市",
        "province_name": "山西省",
        "value": 0.07
      },
      {
        "city_name": "承德市",
        "province_name": "河北省",
        "value": 0.07
      },
      {
        "city_name": "安阳市",
        "province_name": "河南省",
        "value": 0.06
      },
      {
        "city_name": "德州市",
        "province_name": "山东省",
        "value": 0.06
      },
      {
        "city_name": "吴忠市",
        "province_name": "宁夏回族自治区",
        "value": 0.06
      },
      {
        "city_name": "淄博市",
        "province_name": "山东省",
        "value": 0.06
      },
      {
        "city_name": "合肥市",
        "province_name": "安徽省",
        "value": 0.06
      },
      {
        "city_name": "临沂市",
        "province_name": "山东省",
        "value": 0.05
      },
      {
        "city_name": "无锡市",
        "province_name": "江苏省",
        "value": 0.05
      },
      {
        "city_name": "潍坊市",
        "province_name": "山东省",
        "value": 0.05
      },
      {
        "city_name": "南宁市",
        "province_name": "广西壮族自治区",
        "value": 0.05
      },
      {
        "city_name": "石河子市",
        "province_name": "新疆维吾尔自治区",
        "value": 0.05
      },
      {
        "city_name": "澄迈县",
        "province_name": "海南省",
        "value": 0.05
      },
      {
        "city_name": "南昌市",
        "province_name": "江西省",
        "value": 0.05
      },
      {
        "city_name": "威海市",
        "province_name": "山东省",
        "value": 0.04
      },
      {
        "city_name": "南阳市",
        "province_name": "河南省",
        "value": 0.04
      },
      {
        "city_name": "西宁市",
        "province_name": "青海省",
        "value": 0.04
      },
      {
        "city_name": "鞍山市",
        "province_name": "辽宁省",
        "value": 0.04
      },
      {
        "city_name": "定西市",
        "province_name": "甘肃省",
        "value": 0.04
      },
      {
        "city_name": "常州市",
        "province_name": "江苏省",
        "value": 0.04
      },
      {
        "city_name": "陵水黎族自治县",
        "province_name": "海南省",
        "value": 0.04
      },
      {
        "city_name": "贵阳市",
        "province_name": "贵州省",
        "value": 0.04
      },
      {
        "city_name": "保山市",
        "province_name": "云南省",
        "value": 0.04
      },
      {
        "city_name": "酒泉市",
        "province_name": "甘肃省",
        "value": 0.04
      },
      {
        "city_name": "天水市",
        "province_name": "甘肃省",
        "value": 0.04
      },
      {
        "city_name": "菏泽市",
        "province_name": "山东省",
        "value": 0.04
      },
      {
        "city_name": "抚顺市",
        "province_name": "辽宁省",
        "value": 0.04
      },
      {
        "city_name": "衡水市",
        "province_name": "河北省",
        "value": 0.03
      },
      {
        "city_name": "渭南市",
        "province_name": "陕西省",
        "value": 0.03
      },
      {
        "city_name": "福州市",
        "province_name": "福建省",
        "value": 0.03
      },
      {
        "city_name": "许昌市",
        "province_name": "河南省",
        "value": 0.03
      },
      {
        "city_name": "西双版纳傣族自治州",
        "province_name": "云南省",
        "value": 0.03
      },
      {
        "city_name": "汉中市",
        "province_name": "陕西省",
        "value": 0.03
      },
      {
        "city_name": "泰安市",
        "province_name": "山东省",
        "value": 0.03
      },
      {
        "city_name": "葫芦岛市",
        "province_name": "辽宁省",
        "value": 0.03
      },
      {
        "city_name": "衡阳市",
        "province_name": "湖南省",
        "value": 0.03
      },
      {
        "city_name": "哈密市",
        "province_name": "新疆维吾尔自治区",
        "value": 0.03
      },
      {
        "city_name": "宜宾市",
        "province_name": "四川省",
        "value": 0.03
      }
    ]
  }
}